n,source_photo,sha256_matches,ocr_caption_latlong,result
1,20260914_23910PMByGPSMapCamera.jpg,yes,Lat 30.4157180 Long 77.9696560,ocr_exact_match
2,20260914_30938PMByGPSMapCamera.jpg,yes,Lat 30.4168070 Long 77.9679060,ocr_exact_match
3,20260914_31054PMByGPSMapCamera.jpg,yes,Lat 30.417310 Long 77.9677870,ocr_exact_match
4,20260916_34215PMByGPSMapCamera.jpg,yes,Lat 30.4164260 Long 77.9679920,ocr_exact_match
5,20260916_34226PMByGPSMapCamera.jpg,yes,Lat 30.4164240 Long 77.9680370,ocr_exact_match
6,20260916_34241PMByGPSMapCamera.jpg,yes,Lat 30.4165080 Long 77.9678780,ocr_exact_match
7,20260916_34252PMByGPSMapCamera.jpg,yes,Lat 30.4164910 Long 77.9678660,ocr_exact_match
8,20260916_34420PMByGPSMapCamera.jpg,yes,Lat 30.4162230 Long 77.9680120,ocr_exact_match
9,20260916_35824PMByGPSMapCamera.jpg,yes,Lat 30.4163590 Long 77.9675360,ocr_exact_match
10,20260916_35906PMByGPSMapCamera.jpg,yes,Lat 30.4163080 Long 77.967530,ocr_exact_match
11,20260916_35929PMByGPSMapCamera.jpg,yes,Lat 30.4163050 Long 77.9673790,ocr_exact_match
12,20260916_35936PMByGPSMapCamera.jpg,yes,Lat 30.4162940 Long 77.967360,ocr_exact_match
13,20260916_40045PMByGPSMapCamera.jpg,yes,Lat 30.4165470 Long 77.9671940,ocr_exact_match
14,20260916_40102PMByGPSMapCamera.jpg,yes,Lat 30.4165050 Long 77.9671880,ocr_exact_match
15,20260916_40353PMByGPSMapCamera.jpg,yes,Lat 30.4164410 Long 77.9672460,ocr_exact_match
16,20260916_40403PMByGPSMapCamera.jpg,yes,Lat 30.4164130 Long 77.967240,ocr_exact_match
17,20260916_40415PMByGPSMapCamera.jpg,yes,Lat 30.4164370 Long 77.9672660,ocr_exact_match
18,20260916_40428PMByGPSMapCamera.jpg,yes,Lat 30.416440 Long 77.9672760,ocr_exact_match
19,20260916_40446PMByGPSMapCamera.jpg,yes,Lat 30.4164950 Long 77.9673780,ocr_exact_match
20,20260916_40727PMByGPSMapCamera.jpg,yes,Lat 30.416690 Long 77.9671770,ocr_exact_match
21,20260916_40811PMByGPSMapCamera.jpg,yes,Lat 30.4169090 Long 77.9667560,ocr_exact_match
22,20260916_41027PMByGPSMapCamera.jpg,yes,Lat 30.4165290 Long 77.9664590,ocr_exact_match
23,20260916_41105PMByGPSMapCamera.jpg,yes,Lat 30.4164230 Long 77.9664920,ocr_exact_match
24,20260916_41126PMByGPSMapCamera.jpg,yes,Lat 30.4162530 Long 77.9666560,ocr_exact_match
25,20260916_41145PMByGPSMapCamera.jpg,yes,Lat 30.4160490 Long 77.9666970,ocr_exact_match
26,20260916_41159PMByGPSMapCamera.jpg,yes,Lat 30.4160160 Long 77.9668580,ocr_exact_match
27,20260916_41306PMByGPSMapCamera.jpg,yes,Lat 30.4163510 Long 77.9667720,ocr_exact_match
28,20260916_41341PMByGPSMapCamera.jpg,yes,Lat 30.4165470 Long 77.9669450,ocr_exact_match
29,20260916_41353PMByGPSMapCamera.jpg,yes,Lat 30.4165130 Long 77.9669870,ocr_exact_match
30,20260916_41440PMByGPSMapCamera.jpg,yes,Lat 30.4165340 Long 77.9669060,ocr_exact_match
31,20260916_41449PMByGPSMapCamera.jpg,yes,Lat 30.4165460 Long 77.9668970,ocr_exact_match
32,20260916_41502PMByGPSMapCamera.jpg,yes,Lat 30.416550 Long77.9668930,ocr_exact_match
33,20260916_41552PMByGPSMapCamera.jpg,yes,Lat 30.4167010 Long 77.9666850,ocr_exact_match
34,20260916_41630PMByGPSMapCamera.jpg,yes,Lat 30.4169170 Long 77.9665920,ocr_exact_match
35,20260916_41711PMByGPSMapCamera.jpg,yes,Lat 30.4171560 Long 77.9667630,ocr_exact_match
36,20260916_41759PMByGPSMapCamera.jpg,yes,Lat 30.4173330 Long 77.9668740,ocr_exact_match
37,20260916_41807PMByGPSMapCamera.jpg,yes,Lat 30.4173230 Long 77.9668670,ocr_exact_match
38,20260916_42203PMByGPSMapCamera.jpg,yes,Lat 30.4170980 Long 77.9671160,ocr_exact_match
39,20260916_42205PMByGPSMapCamera.jpg,yes,Lat 30.4171020 Long 77.967120,ocr_exact_match
40,20260916_42251PMByGPSMapCamera.jpg,yes,Lat 30.4173120 gong 77.9671270,ocr_misread_caption_read_by_eye_matches_transcription
41,20260916_42255PMByGPSMapCamera.jpg,yes,Lat 30.4173120 Long 77.9671270,ocr_exact_match
42,20260916_42337PMByGPSMapCamera.jpg,yes,Lat 30.4175660 Long 77.9669320,ocr_exact_match
43,20260916_42355PMByGPSMapCamera.jpg,yes,Lat 30.4176520 Long 77.9670410,ocr_exact_match
44,20260916_42402PMByGPSMapCamera.jpg,yes,Lat 30.4176940 Long 77.9670390,ocr_exact_match
45,20260916_42418PMByGPSMapCamera.jpg,yes,Lat 30.4178030 Long 77.9670540,ocr_exact_match
46,20260916_42555PMByGPSMapCamera.jpg,yes,Lat 30.4177030 Long 77.9673870,ocr_exact_match
47,20260916_42709PMByGPSMapCamera.jpg,yes,Lat 30.4179620 Long 77.9671740,ocr_exact_match
48,20260916_42718PMByGPSMapCamera.jpg,yes,Lat 30.4179470 Long 77.9672170,ocr_exact_match
49,20260916_42738PMByGPSMapCamera.jpg,yes,Lat 30.4179680 Long 77.9674420,ocr_exact_match
50,20260916_42811PMByGPSMapCamera.jpg,yes,Lat 30.4180960 Long 77.9677330,ocr_exact_match
51,20260916_42845PMByGPSMapCamera.jpg,yes,Lat 30.4181390 Long 77.9679350,ocr_exact_match
52,20260916_42858PMByGPSMapCamera.jpg,yes,Lat 30.4181180 Long 77.9679140,ocr_exact_match
53,20260916_42906PMByGPSMapCamera.jpg,yes,Lat 30.4181120 Long 77.9679060,ocr_exact_match
54,20260916_42920PMByGPSMapCamera.jpg,yes,Lat 30.4181070 Long 77.9678480,ocr_exact_match
55,20260916_42936PMByGPSMapCamera.jpg,yes,Lat 30.4180790 Long 77.9678270,ocr_exact_match
56,20260916_42951PMByGPSMapCamera.jpg,yes,Lat 30.4180150 Long 77.9679140,ocr_exact_match
57,20260916_43001PMByGPSMapCamera.jpg,yes,Lat 30.4181950 Long 77.9679660,ocr_exact_match
58,20260916_43030PMByGPSMapCamera.jpg,yes,Lat80.4183620 Long 77.9676970,ocr_misread_caption_read_by_eye_matches_transcription
59,20260916_43034PMByGPSMapCamera.jpg,yes,Lat 30.4183580 Long 77.967690,ocr_exact_match
60,20260916_43110PMByGPSMapCamera.jpg,yes,Lat 30.4183280 Long 77.9677190,ocr_exact_match
61,20260916_43138PMByGPSMapCamera.jpg,yes,Lat 30.4183860 Long 77.9676020,ocr_exact_match
62,20260916_43206PMByGPSMapCamera.jpg,yes,Lat 30.4184290 Long 77.9675360,ocr_exact_match
63,20260916_43236PMByGPSMapCamera.jpg,yes,Lat 30.4183430 Long 77.967770,ocr_exact_match
64,20260916_43239PMByGPSMapCamera.jpg,yes,Lat 30.4183420 Long 77.9677690,ocr_exact_match
65,20260916_43242PMByGPSMapCamera.jpg,yes,Lat 30.4183420 Long 77.9677690,ocr_exact_match
66,20260916_43310PMByGPSMapCamera.jpg,yes,Lat 30.4183420 Long 77.9678610,ocr_exact_match
67,20260916_43737PMByGPSMapCamera.jpg,yes,Lat 30.4182860 Long 77.9684570,ocr_exact_match
68,20260916_43744PMByGPSMapCamera.jpg,yes,Lat 30.4182830 Long 77.9684420,ocr_exact_match
69,20260916_43811PMByGPSMapCamera.jpg,yes,Lat 30.4182060 Long 77.9686680,ocr_exact_match
70,20260916_43830PMByGPSMapCamera.jpg,yes,Lat 30.4181790 Longü7.9688080,ocr_misread_caption_read_by_eye_matches_transcription
71,20260916_43832PMByGPSMapCamera.jpg,yes,Lat 30.4181830 Long 77.96880,ocr_exact_match
72,20260916_44008PMByGPSMapCamera.jpg,yes,Lat 30.4182470 Long 77.9691820,ocr_exact_match
73,20260916_44011PMByGPSMapCamera.jpg,yes,Lat 30.4182510 Long 77.9691810,ocr_exact_match
74,20260916_44018PMByGPSMapCamera.jpg,yes,Lat 30.4182580 Long 77.9691810,ocr_exact_match
75,20260916_44032PMByGPSMapCamera.jpg,yes,Lat 30.4182920 Long 77.9692580,ocr_exact_match
76,20260916_44036PMByGPSMapCamera.jpg,yes,Lat 30.4182920 Long 77.9692580,ocr_exact_match
77,20260916_44038PMByGPSMapCamera.jpg,yes,Lat 30.4182910 Long 77.9692670,ocr_exact_match
78,20260916_44204PMByGPSMapCamera.jpg,yes,Lat 30.4180990 Long 77.9692470,ocr_exact_match
79,20260916_44210PMByGPSMapCamera.jpg,yes,Lat 30.4180980 Long 77.9692460,ocr_exact_match
80,20260916_44232PMByGPSMapCamera.jpg,yes,Lat 30.418070 Long 719691050,ocr_misread_caption_read_by_eye_matches_transcription
81,20260916_44236PMByGPSMapCamera.jpg,yes,Lat 30.4180510 Long 77.9691050,ocr_exact_match
82,20260916_44306PMByGPSMapCamera.jpg,yes,Lat 30.417870 Long 77.9689880,ocr_exact_match
83,20260916_44321PMByGPSMapCamera.jpg,yes,Lat 30.4177640 Long 77.9689440,ocr_exact_match
84,20260916_44528PMByGPSMapCamera.jpg,yes,Lat 30.4169450 Long 77.9686050,ocr_exact_match
85,20260916_44547PMByGPSMapCamera.jpg,yes,Lat 30.4167950 Long 77.9685390,ocr_exact_match
86,20260916_44559PMByGPSMapCamera.jpg,yes,Lat 30.4168320 Long 77.9685410,ocr_exact_match
87,20260916_44604PMByGPSMapCamera.jpg,yes,Lat 30.4168270 Long 77.9684488,ocr_misread_caption_read_by_eye_matches_transcription
88,20260916_44718PMByGPSMapCamera.jpg,yes,Lat 30.4165360 Long 77.9691179,ocr_misread_caption_read_by_eye_matches_transcription
89,20260916_45209PMByGPSMapCamera.jpg,yes,Lat 30.4163660 Long 77.9698270,ocr_exact_match
90,20260916_45214PMByGPSMapCamera.jpg,yes,Lat 30.4164020 Long 77.9698290,ocr_exact_match
91,20260916_45232PMByGPSMapCamera.jpg,yes,Lat 30.4163830 Long 77.9697020,ocr_exact_match
92,20260916_45258PMByGPSMapCamera.jpg,yes,Lat 30.416410 Long 77.6997279,ocr_misread_caption_read_by_eye_matches_transcription
93,20260916_45401PMByGPSMapCamera.jpg,yes,Lat 30.4161480 Long 77.9698250,ocr_exact_match
94,20260916_45543PMByGPSMapCamera.jpg,yes,Lat 30.415750 Long 77.969910,ocr_exact_match
95,20260916_45547PMByGPSMapCamera.jpg,yes,Lat 30.4157480 Long 77.9699120,ocr_exact_match
96,20260916_50149PMByGPSMapCamera.jpg,yes,Lat 30.4157530 Long 77.9696750,ocr_exact_match
97,20260916_50156PMByGPSMapCamera.jpg,yes,Lat 30.4157610 Long 77.9696560,ocr_exact_match
98,20260916_50500PMByGPSMapCamera.jpg,yes,Lat 30.4146230 Long 77.9700430,ocr_exact_match
99,20260916_50812PMByGPSMapCamera.jpg,yes,Lat 30.4158640 Long 77.9694760,ocr_exact_match
100,20260916_50950PMByGPSMapCamera.jpg,yes,Lat 30.4158960 Long 77.9692340,ocr_exact_match
101,20260916_51030PMByGPSMapCamera.jpg,yes,Lat 30.415870 Long 77.969270,ocr_exact_match
102,20260916_51057PMByGPSMapCamera.jpg,yes,Lat 30.4160610 Long 77.9692150,ocr_exact_match
103,20260916_51117PMByGPSMapCamera.jpg,yes,Lat 30.4161080 Long 77.9692040,ocr_exact_match
104,20260916_51213PMByGPSMapCamera.jpg,yes,Lat 30.4162680 Long 77.9686520,ocr_exact_match
105,20260916_51311PMByGPSMapCamera.jpg,yes,Lat 30.4162340 Long 77.9687410,ocr_exact_match
106,20260916_51442PMByGPSMapCamera.jpg,yes,Lat 30.4163810 Long 77.9683320,ocr_exact_match
107,20260916_51515PMByGPSMapCamera.jpg,yes,Lat 30.4164540 Long 77.968390,ocr_exact_match
108,20260916_51602PMByGPSMapCamera.jpg,yes,Lat 30.4168990 Long 77.9684260,ocr_exact_match
109,20260916_51647PMByGPSMapCamera.jpg,yes,Lat 30.4168950 Long 77.9681280,ocr_exact_match
110,20260916_51649PMByGPSMapCamera.jpg,yes,Lat 30.4168950 Long 77.9681280,ocr_exact_match
111,20260916_51816PMByGPSMapCamera.jpg,yes,Lat 30.4170410 Long 77.9683680,ocr_exact_match
112,20260916_52329PMByGPSMapCamera.jpg,yes,Lat 30.4171270 Long 77.9680710,ocr_exact_match
113,20260916_52345PMByGPSMapCamera.jpg,yes,Lat 30.4171740 Long 77.9679280,ocr_exact_match
114,20260916_52404PMByGPSMapCamera.jpg,yes,Lat 30.4172460 Long 77.9678730,ocr_exact_match
