n,source_photo,sha256,captured_at_local,lat,lng,gps_accuracy_m,reverse_geocoded_place,legible_signage,room_plate,subject,evidence_class,status,confidence,people_or_plates_visible,publish_safe,publish_block_reason
1,20260914_23910PMByGPSMapCamera.jpg,b641cdbaeee445647a5afbef8769c7246a0c6390092a1ecbdaa7381b2d643cdb,2026:09:14 14:39:10,30.415718,77.969656,unknown,Cx89+8w9 Chitrakoot,,,classroom interior,coordinate_only,UNCONFIRMED,low,yes,no,google_watermark_caption_overlay; identifiable_people_visible
2,20260914_30938PMByGPSMapCamera.jpg,3f3a8d0e9f99ab80b80395ea037332ce6a386b22aa1610d6c0d1622f09467edb,2026:09:14 15:09:37,30.416807,77.967906,unknown,Cx89+q53,,,,coordinate_only,UNCONFIRMED,low,not_reviewed,no,google_watermark_caption_overlay; faces_and_number_plates_not_reviewed
3,20260914_31054PMByGPSMapCamera.jpg,e3a4da97cd3b5eb0a47542bb595b9e4da014663d37d25ab94c3c88729af833cf,2026:09:14 15:10:54,30.417310,77.967787,unknown,Cx89+w3c University Of Petroleum And Energy Studies,,,,coordinate_only,UNCONFIRMED,low,not_reviewed,no,google_watermark_caption_overlay; faces_and_number_plates_not_reviewed
4,20260916_34215PMByGPSMapCamera.jpg,8fd002f5fa806d436198027393b9cc477a8203d0c02132fb3a082c948acf43ad,2026:09:16 15:42:14,30.416426,77.967992,unknown,"3rd And 4th Block, University Of Petroleum And Energy Studies",,,,coordinate_only,UNCONFIRMED,low,not_reviewed,no,google_watermark_caption_overlay; faces_and_number_plates_not_reviewed
5,20260916_34226PMByGPSMapCamera.jpg,0f4d1c4afaea72c16aa98a1a64b4bb7a6b75a8a15ef0dcb0897813bbc4e969c4,2026:09:16 15:42:26,30.416424,77.968037,unknown,"3rd And 4th Block, University Of Petroleum And Energy Studies",,,,coordinate_only,UNCONFIRMED,low,not_reviewed,no,google_watermark_caption_overlay; faces_and_number_plates_not_reviewed
6,20260916_34241PMByGPSMapCamera.jpg,1f434ef3e27e1fbda23441ab5121720acbcf4d0a1fb70c73f48aeb94b37ae075,2026:09:16 15:42:40,30.416508,77.967878,unknown,Cx89+h43,,200? (illegible),,evidence_plate,UNCONFIRMED,low,not_reviewed,no,google_watermark_caption_overlay; faces_and_number_plates_not_reviewed
7,20260916_34252PMByGPSMapCamera.jpg,db78db8f2d2361dc1fe71fc04f1e452d004229bfb48daa0ee7ffeaeebde1768f,2026:09:16 15:42:52,30.416491,77.967866,unknown,Cx89+h43,,2002,,evidence_plate,CANDIDATE,high,not_reviewed,no,google_watermark_caption_overlay; faces_and_number_plates_not_reviewed
8,20260916_34420PMByGPSMapCamera.jpg,e4150745cdab34c1b2ae7b7ef349704f9805ecc6e83ba07abb1f28226ac83b63,2026:09:16 15:44:20,30.416223,77.968012,unknown,Cx89+g5g,Cafe Frisco (shop signboard),,,evidence_signage,CANDIDATE,high,yes,no,google_watermark_caption_overlay; identifiable_people_visible
9,20260916_35824PMByGPSMapCamera.jpg,5909a7d1344d12896885395c943dec2cf445b781633ae4ad4537c79acaeddbde,2026:09:16 15:58:23,30.416359,77.967536,unknown,Cx89+h22,"illegible cafe sign reading ""CHA...""",,,evidence_signage,UNCONFIRMED,low,yes,no,google_watermark_caption_overlay; identifiable_people_visible
10,20260916_35906PMByGPSMapCamera.jpg,8ee6fff86ca6f65e7a2000e05df38c5e624d5ec07b8940519e5c867b8ea4539f,2026:09:16 15:59:06,30.416308,77.967530,unknown,Cx89+h22,,,,coordinate_only,UNCONFIRMED,low,not_reviewed,no,google_watermark_caption_overlay; faces_and_number_plates_not_reviewed
11,20260916_35929PMByGPSMapCamera.jpg,6aac03713b237d94cfc696cd3d7e026b39795856c100d60026d4508ab609acea,2026:09:16 15:59:28,30.416305,77.967379,unknown,Main Block,IT. DEP (corridor sign),,,evidence_signage,CANDIDATE,high,not_reviewed,no,google_watermark_caption_overlay; faces_and_number_plates_not_reviewed
12,20260916_35936PMByGPSMapCamera.jpg,170b30314e671fd4c1b6c361c8347f09959a7f35244acbfc1c83c87ed97caecc,2026:09:16 15:59:35,30.416294,77.967360,unknown,Main Block,,1006,,evidence_plate,CANDIDATE,high,not_reviewed,no,google_watermark_caption_overlay; faces_and_number_plates_not_reviewed
13,20260916_40045PMByGPSMapCamera.jpg,2aab05a5d8a45dc019657d51216ec857860e6b73b2bfed81847a6a6c83b008a7,2026:09:16 16:00:45,30.416547,77.967194,unknown,Main Block,,1001,,evidence_plate,CANDIDATE,high,not_reviewed,no,google_watermark_caption_overlay; faces_and_number_plates_not_reviewed
14,20260916_40102PMByGPSMapCamera.jpg,a3b729a140207de8fdd620dc060753c7bd9c9173fdf455da19bd585cdce4d2a0,2026:09:16 16:01:01,30.416505,77.967188,unknown,Main Block,,1001,,evidence_plate,CANDIDATE,high,not_reviewed,no,google_watermark_caption_overlay; faces_and_number_plates_not_reviewed
15,20260916_40353PMByGPSMapCamera.jpg,fada0a60f316a4f1aabace6ba814153fd42935d7ed6d8d929e3cb8b41a08d1eb,2026:09:16 16:03:52,30.416441,77.967246,unknown,Main Block,,,,coordinate_only,UNCONFIRMED,low,yes,no,google_watermark_caption_overlay; identifiable_people_visible
16,20260916_40403PMByGPSMapCamera.jpg,f7e162619ffd418f372139929864e3fdb734b9d031c8bad53cd0fb94beb182f0,2026:09:16 16:04:02,30.416413,77.967240,unknown,Main Block,,,,coordinate_only,UNCONFIRMED,low,yes,no,google_watermark_caption_overlay; identifiable_people_visible
17,20260916_40415PMByGPSMapCamera.jpg,fbb2db9f9a162cca17c406a2a6449ea65f4a0f544db7f0a2319c75e97c47aec4,2026:09:16 16:04:14,30.416437,77.967266,unknown,Main Block,,,,coordinate_only,UNCONFIRMED,low,yes,no,google_watermark_caption_overlay; identifiable_people_visible
18,20260916_40428PMByGPSMapCamera.jpg,4224072c7a96d8f87e75eeea1cde4868efc90eeb7cb9dfc76a8ce47d20622020,2026:09:16 16:04:27,30.416440,77.967276,unknown,Main Block,,1104,,evidence_plate,CANDIDATE,high,not_reviewed,no,google_watermark_caption_overlay; faces_and_number_plates_not_reviewed
19,20260916_40446PMByGPSMapCamera.jpg,fa38456774698dfe6f4bc94de589d0a15f3ab6f1e73256691752f135f99c9050,2026:09:16 16:04:46,30.416495,77.967378,unknown,Cx89+h22,,,,coordinate_only,UNCONFIRMED,low,not_reviewed,no,google_watermark_caption_overlay; faces_and_number_plates_not_reviewed
20,20260916_40727PMByGPSMapCamera.jpg,61c285b2133541948d134a6a31b98feceb2a8e327150684b31aeee7d25ec6241,2026:09:16 16:07:26,30.416690,77.967177,unknown,Cx88+jqm,,,,coordinate_only,UNCONFIRMED,low,not_reviewed,no,google_watermark_caption_overlay; faces_and_number_plates_not_reviewed
21,20260916_40811PMByGPSMapCamera.jpg,87d90645ee3a010538db53967777c255bc16e357bf936c21ecfa06ba6a07325a,2026:09:16 16:08:10,30.416909,77.966756,unknown,Cx88+qjq,,,,coordinate_only,UNCONFIRMED,low,yes,no,google_watermark_caption_overlay; identifiable_people_visible
22,20260916_41027PMByGPSMapCamera.jpg,922fab942e582d49339e757e147e5a6d26d6c5b17dfa5efed60937e693085d33,2026:09:16 16:10:26,30.416529,77.966459,unknown,Cx88+jg5,ENROLLMENT OFFICE,,,evidence_signage,CANDIDATE,high,not_reviewed,no,google_watermark_caption_overlay; faces_and_number_plates_not_reviewed
23,20260916_41105PMByGPSMapCamera.jpg,73c0655bb044acd12aaef79ff7345a6a0cd75618e781eca3cb1b1fcc67058927,2026:09:16 16:11:04,30.416423,77.966492,unknown,Cx88+jg5,THE HUDDLE,,,evidence_signage,CANDIDATE,high,yes,no,google_watermark_caption_overlay; identifiable_people_visible
24,20260916_41126PMByGPSMapCamera.jpg,02d9db5a7723933aef4ff21e3095285bab05bf55d5169f51669e63fd532722f6,2026:09:16 16:11:25,30.416253,77.966656,unknown,Cx88+gqg,THE HUDDLE,,,evidence_signage,CANDIDATE,high,not_reviewed,no,google_watermark_caption_overlay; faces_and_number_plates_not_reviewed
25,20260916_41145PMByGPSMapCamera.jpg,767295abb4c7a49f01c0d22be584a9bd438c254b48c9138960f43f8f89cfdfbe,2026:09:16 16:11:44,30.416049,77.966697,unknown,Energy Block,,,,coordinate_only,UNCONFIRMED,low,not_reviewed,no,google_watermark_caption_overlay; faces_and_number_plates_not_reviewed
26,20260916_41159PMByGPSMapCamera.jpg,2e7df76cd14c159742004e84d3b962a1b1eb15449c842c68de24b39bf0c0e0e6,2026:09:16 16:11:59,30.416016,77.966858,unknown,Energy Block,,,,coordinate_only,UNCONFIRMED,low,not_reviewed,no,google_watermark_caption_overlay; faces_and_number_plates_not_reviewed
27,20260916_41306PMByGPSMapCamera.jpg,3a43b48829b78e7c293eb01042c697cfb81d9a7490652e9f1ca1296c0de0264b,2026:09:16 16:13:06,30.416351,77.966772,unknown,Main Block,,,,coordinate_only,UNCONFIRMED,low,not_reviewed,no,google_watermark_caption_overlay; faces_and_number_plates_not_reviewed
28,20260916_41341PMByGPSMapCamera.jpg,87d05c0db5128817deb9db5cb09bee20e45531d1dd09a676a2a09a491df75429,2026:09:16 16:13:40,30.416547,77.966945,unknown,Cx88+jqm,,,,coordinate_only,UNCONFIRMED,low,not_reviewed,no,google_watermark_caption_overlay; faces_and_number_plates_not_reviewed
29,20260916_41353PMByGPSMapCamera.jpg,34c10326b4f2633cf34cd938ca110e31a74d162203b4db4bf22602988cdf0ca6,2026:09:16 16:13:52,30.416513,77.966987,unknown,Main Block,,,,coordinate_only,UNCONFIRMED,low,not_reviewed,no,google_watermark_caption_overlay; faces_and_number_plates_not_reviewed
30,20260916_41440PMByGPSMapCamera.jpg,2c685eba8ff905b9afd22e6c1a656d97375c259698d0dbe24501302c44cf3f15,2026:09:16 16:14:39,30.416534,77.966906,unknown,Main Block,,,,coordinate_only,UNCONFIRMED,low,not_reviewed,no,google_watermark_caption_overlay; faces_and_number_plates_not_reviewed
31,20260916_41449PMByGPSMapCamera.jpg,8b1933b8cb52efa34a9a3108e4fb3aa908b743c027e863f2426d285a67c32027,2026:09:16 16:14:49,30.416546,77.966897,unknown,Cx88+jqm,,,,coordinate_only,UNCONFIRMED,low,not_reviewed,no,google_watermark_caption_overlay; faces_and_number_plates_not_reviewed
32,20260916_41502PMByGPSMapCamera.jpg,72f32e445674de4ecaae2e8d609e587773ec9d2e4057a10461416e61a1a0dad8,2026:09:16 16:15:01,30.416550,77.966893,unknown,Cx88+jqm,,,,coordinate_only,UNCONFIRMED,low,not_reviewed,no,google_watermark_caption_overlay; faces_and_number_plates_not_reviewed
33,20260916_41552PMByGPSMapCamera.jpg,fb9ede59dc4e247b336b8a944d4c06a1e57c63df71ec25fc0dbdf53d8e67a018,2026:09:16 16:15:51,30.416701,77.966685,unknown,Cx88+mpr,,,,coordinate_only,UNCONFIRMED,low,not_reviewed,no,google_watermark_caption_overlay; faces_and_number_plates_not_reviewed
34,20260916_41630PMByGPSMapCamera.jpg,0f05e48fc20e893790904350f4e1003d823c6e4b44ac605a77e1a05a98a3f236,2026:09:16 16:16:29,30.416917,77.966592,unknown,Cx88+qjq,,,,coordinate_only,UNCONFIRMED,low,not_reviewed,no,google_watermark_caption_overlay; faces_and_number_plates_not_reviewed
35,20260916_41711PMByGPSMapCamera.jpg,4b2410e139605e1afc86290b008d3ae1b867266b6a1c4102a50ec6b653e767b3,2026:09:16 16:17:10,30.417156,77.966763,unknown,Cx88+rj4,,,,coordinate_only,UNCONFIRMED,low,not_reviewed,no,google_watermark_caption_overlay; faces_and_number_plates_not_reviewed
36,20260916_41759PMByGPSMapCamera.jpg,2dc7fcb6003bd3e0526ca2f46961359ef8e598576b44677a29d032055d6b9233,2026:09:16 16:17:58,30.417333,77.966874,unknown,Cx88+vr8,,,auditorium interior,coordinate_only,UNCONFIRMED,low,not_reviewed,no,google_watermark_caption_overlay; faces_and_number_plates_not_reviewed
37,20260916_41807PMByGPSMapCamera.jpg,68f49a6b7584af4b9843af8cd370760a34da569c2e464842e00850dc1c066cab,2026:09:16 16:18:06,30.417323,77.966867,unknown,Cx88+vr8,,,auditorium interior,coordinate_only,UNCONFIRMED,low,not_reviewed,no,google_watermark_caption_overlay; faces_and_number_plates_not_reviewed
38,20260916_42203PMByGPSMapCamera.jpg,a8d38ee00ec7c1567e8a9e644ca2bab139d03b75fbf091f785ab019d628e5581,2026:09:16 16:22:02,30.417098,77.967116,unknown,Cx88+vr8,,,porta cabin buildings,coordinate_only,UNCONFIRMED,low,yes,no,google_watermark_caption_overlay; identifiable_people_visible
39,20260916_42205PMByGPSMapCamera.jpg,0a514acfbe8fa67637dd1687d06f4ce53ac45920a21a99b4b053e661c36bda14,2026:09:16 16:22:05,30.417102,77.967120,unknown,Cx88+vr8,,,porta cabin buildings,coordinate_only,UNCONFIRMED,low,not_reviewed,no,google_watermark_caption_overlay; faces_and_number_plates_not_reviewed
40,20260916_42251PMByGPSMapCamera.jpg,ea13e96e4e29eb2929f63c445b596fda35758b1df4f0825cd18b7503c9858513,2026:09:16 16:22:50,30.417312,77.967127,unknown,Cx88+vr8,,,,coordinate_only,UNCONFIRMED,low,not_reviewed,no,google_watermark_caption_overlay; faces_and_number_plates_not_reviewed
41,20260916_42255PMByGPSMapCamera.jpg,2a151e419d670d878835d589fd62440e3715dd9759d724ae24ccaf430562e52b,2026:09:16 16:22:54,30.417312,77.967127,unknown,Cx88+vr8,,,,coordinate_only,UNCONFIRMED,low,not_reviewed,no,google_watermark_caption_overlay; faces_and_number_plates_not_reviewed
42,20260916_42337PMByGPSMapCamera.jpg,89921731bc66649a0c7ea6f6eaee8758da20ef1703355169d54b3717b4715c2a,2026:09:16 16:23:36,30.417566,77.966932,unknown,Cx98+2w4,,,,coordinate_only,UNCONFIRMED,low,not_reviewed,no,google_watermark_caption_overlay; faces_and_number_plates_not_reviewed
43,20260916_42355PMByGPSMapCamera.jpg,98f1c8cedc0e8b7b35bf4f13be4328896e828a7275e44c9c92e802b331a2dd79,2026:09:16 16:23:54,30.417652,77.967041,unknown,Cx98+2w4,,,,coordinate_only,UNCONFIRMED,low,not_reviewed,no,google_watermark_caption_overlay; faces_and_number_plates_not_reviewed
44,20260916_42402PMByGPSMapCamera.jpg,153de6502d46295b3b4749a7f845faeb73a78524ae37fe0df1541fe350918c78,2026:09:16 16:24:01,30.417694,77.967039,unknown,Cx98+2w4,,,,coordinate_only,UNCONFIRMED,low,not_reviewed,no,google_watermark_caption_overlay; faces_and_number_plates_not_reviewed
45,20260916_42418PMByGPSMapCamera.jpg,76a6204761d9a64fe4dfac0bda545c7faa7ee6d37fba3c2dac513b40842e7ce1,2026:09:16 16:24:17,30.417803,77.967054,unknown,Cx98+6wm,,,,coordinate_only,UNCONFIRMED,low,yes,no,google_watermark_caption_overlay; identifiable_people_visible
46,20260916_42555PMByGPSMapCamera.jpg,f2d0f7938bec15ab1ecdfda8bf7f51ff58317e13945004cc42dad075d28b3330,2026:09:16 16:25:55,30.417703,77.967387,unknown,Cx98+2w4,,,,coordinate_only,UNCONFIRMED,low,not_reviewed,no,google_watermark_caption_overlay; faces_and_number_plates_not_reviewed
47,20260916_42709PMByGPSMapCamera.jpg,a25fd55176ead59ae6bb28c6ed3b3ad37b0ff30bceae2bbdcbbac1cdfbe65b19,2026:09:16 16:27:09,30.417962,77.967174,unknown,Cx98+6wm,,,basketball court,coordinate_only,UNCONFIRMED,low,yes,no,google_watermark_caption_overlay; identifiable_people_visible
48,20260916_42718PMByGPSMapCamera.jpg,b1fb5d3b8a31d6308b781a45467ec8eb3498159a1790557e87f8664e36df9a7e,2026:09:16 16:27:18,30.417947,77.967217,unknown,Cx98+6wm,,,,coordinate_only,UNCONFIRMED,low,not_reviewed,no,google_watermark_caption_overlay; faces_and_number_plates_not_reviewed
49,20260916_42738PMByGPSMapCamera.jpg,039c1292c4981309e57ede8c11637aa994a069f96e8e43defe3e602cb74b1af7,2026:09:16 16:27:37,30.417968,77.967442,unknown,Placement Block,,,basketball court,coordinate_only,UNCONFIRMED,low,yes,no,google_watermark_caption_overlay; identifiable_people_visible
50,20260916_42811PMByGPSMapCamera.jpg,63fc326c28ea6435029df71a75e7132145b06569c7b4c0ebfc6fd91de1c34cac,2026:09:16 16:28:10,30.418096,77.967733,unknown,Placement Block,,,,coordinate_only,UNCONFIRMED,low,not_reviewed,no,google_watermark_caption_overlay; faces_and_number_plates_not_reviewed
51,20260916_42845PMByGPSMapCamera.jpg,ab82d077e7ce8530980f753403adc6ba7ee6b49361681698571d8785aaeee6ba,2026:09:16 16:28:44,30.418139,77.967935,unknown,Cx99+988,,,volleyball/tennis courts,coordinate_only,UNCONFIRMED,low,yes,no,google_watermark_caption_overlay; identifiable_people_visible
52,20260916_42858PMByGPSMapCamera.jpg,6920c4b7f27b22dc908184a2035dd4c32fb8ff0f37b417e00c74428dba3c0128,2026:09:16 16:28:58,30.418118,77.967914,unknown,"Placement Block, University Of Petroleum And Energy Studies, Bidoli Dunga Rd",,,,coordinate_only,UNCONFIRMED,low,yes,no,google_watermark_caption_overlay; identifiable_people_visible
53,20260916_42906PMByGPSMapCamera.jpg,4a88c297251d866609963174a6d9899eeb1e208f7f263d617a971e3bde5e3953,2026:09:16 16:29:05,30.418112,77.967906,unknown,"Placement Block, University Of Petroleum And Energy Studies, Bidoli Dunga Rd",,,courts,coordinate_only,UNCONFIRMED,low,yes,no,google_watermark_caption_overlay; identifiable_people_visible
54,20260916_42920PMByGPSMapCamera.jpg,fbce15345bac8bab152c91938a333c8817a6b2f64001b444e4f0e482b7457cfc,2026:09:16 16:29:19,30.418107,77.967848,unknown,"Placement Block, University Of Petroleum And Energy Studies, Bidoli Dunga Rd",,,courts,coordinate_only,UNCONFIRMED,low,yes,no,google_watermark_caption_overlay; identifiable_people_visible
55,20260916_42936PMByGPSMapCamera.jpg,b945e600d547098759afc10a56ce7c23749679e494a027312922c20ac967c810,2026:09:16 16:29:35,30.418079,77.967827,unknown,"Placement Block, University Of Petroleum And Energy Studies, Bidoli Dunga Rd",,,,coordinate_only,UNCONFIRMED,low,yes,no,google_watermark_caption_overlay; identifiable_people_visible
56,20260916_42951PMByGPSMapCamera.jpg,559bd399ba310e756c1c3da042bcb5e3c2ebf2398e99eec8a3ee206b05e539f1,2026:09:16 16:29:50,30.418015,77.967914,unknown,"Placement Block, University Of Petroleum And Energy Studies, Bidoli Dunga Rd",,,sports ground,coordinate_only,UNCONFIRMED,low,not_reviewed,no,google_watermark_caption_overlay; faces_and_number_plates_not_reviewed
57,20260916_43001PMByGPSMapCamera.jpg,3ef8f053172b54987c6614dd46a17072ba21c70baba0e69e2c6471f0c6dccd78,2026:09:16 16:30:01,30.418195,77.967966,unknown,Cx99+988,,,,coordinate_only,UNCONFIRMED,low,not_reviewed,no,google_watermark_caption_overlay; faces_and_number_plates_not_reviewed
58,20260916_43030PMByGPSMapCamera.jpg,c8346112299d53593770b184ec92f3fdc5162ad0a279a84a61acd7dab6b4bb7d,2026:09:16 16:30:29,30.418362,77.967697,unknown,Cx99+988,,,,coordinate_only,UNCONFIRMED,low,yes,no,google_watermark_caption_overlay; identifiable_people_visible
59,20260916_43034PMByGPSMapCamera.jpg,c5c3c07de3d1bce98984678a4ea2aba0b57aa95bc46eda437988b953ef54437b,2026:09:16 16:30:34,30.418358,77.967690,unknown,Cx99+988,CAREER SERVICES,,,evidence_signage,CANDIDATE,high,yes,no,google_watermark_caption_overlay; identifiable_people_visible
60,20260916_43110PMByGPSMapCamera.jpg,5002f87de65355afae2f873c39cb5a823272359eb348fbb2de49f10c727ca800,2026:09:16 16:31:10,30.418328,77.967719,unknown,Cx99+988,,,,coordinate_only,UNCONFIRMED,low,yes,no,google_watermark_caption_overlay; identifiable_people_visible
61,20260916_43138PMByGPSMapCamera.jpg,ac696a01526c9ae0dc1dfe90b377baee6be0187ec5c632724a56e9a3cde07faa,2026:09:16 16:31:38,30.418386,77.967602,unknown,Cx99+988,CAREER SERVICES; UPES 100% PLACEMENT,,,evidence_signage,CANDIDATE,high,yes,no,google_watermark_caption_overlay; identifiable_people_visible
62,20260916_43206PMByGPSMapCamera.jpg,e35e62c2b16dffba8c09c5257f9d4fd92ea49dc99fba031194b06e1385e976b5,2026:09:16 16:32:06,30.418429,77.967536,unknown,Cx99+988,,,,coordinate_only,UNCONFIRMED,low,not_reviewed,no,google_watermark_caption_overlay; faces_and_number_plates_not_reviewed
63,20260916_43236PMByGPSMapCamera.jpg,127e63d18eff94b6e2aa80c6ea23b3197e027995038712e71581798dfb12c429,2026:09:16 16:32:36,30.418343,77.967770,unknown,Cx99+988,,,sports ground,coordinate_only,UNCONFIRMED,low,not_reviewed,no,google_watermark_caption_overlay; faces_and_number_plates_not_reviewed
64,20260916_43239PMByGPSMapCamera.jpg,9e2ab4aafb728447fca0c7a3a8045fd3a7234a43eb3ab23b3a6c1fd2e07f3714,2026:09:16 16:32:39,30.418342,77.967769,unknown,Cx99+988,,,,coordinate_only,UNCONFIRMED,low,not_reviewed,no,google_watermark_caption_overlay; faces_and_number_plates_not_reviewed
65,20260916_43242PMByGPSMapCamera.jpg,695f12db304d1773555bc96f6e1137bec91a6aeabbe1ef0199f323a85e569c32,2026:09:16 16:32:41,30.418342,77.967769,unknown,Cx99+988,,,,coordinate_only,UNCONFIRMED,low,not_reviewed,no,google_watermark_caption_overlay; faces_and_number_plates_not_reviewed
66,20260916_43310PMByGPSMapCamera.jpg,690428cbdc428059b7650bc2ed49d4a2d1f038f991061f96708fdd69c0a719b4,2026:09:16 16:33:10,30.418342,77.967861,unknown,Cx99+988,,,sports ground,coordinate_only,UNCONFIRMED,low,yes,no,google_watermark_caption_overlay; identifiable_people_visible
67,20260916_43737PMByGPSMapCamera.jpg,cc41db17e4db1b57e16788951a8a0a069dc9d3f2608257ca0ae44ced7e78e8e8,2026:09:16 16:37:37,30.418286,77.968457,unknown,Cx99+988,,,sports ground,coordinate_only,UNCONFIRMED,low,not_reviewed,no,google_watermark_caption_overlay; faces_and_number_plates_not_reviewed
68,20260916_43744PMByGPSMapCamera.jpg,427ca19b8bcc5b6a8bc7d5bc44997abc8013a299ec715b334f3b9fdab7ed3884,2026:09:16 16:37:43,30.418283,77.968442,unknown,Cx99+988,,,sports ground,coordinate_only,UNCONFIRMED,low,not_reviewed,no,google_watermark_caption_overlay; faces_and_number_plates_not_reviewed
69,20260916_43811PMByGPSMapCamera.jpg,81f053bb2453e7713b45d68bf0ef805e38c668873ab18a6c6a8381b7ada2ccc4,2026:09:16 16:38:10,30.418206,77.968668,unknown,Cx99+988,,,,coordinate_only,UNCONFIRMED,low,not_reviewed,no,google_watermark_caption_overlay; faces_and_number_plates_not_reviewed
70,20260916_43830PMByGPSMapCamera.jpg,ccc551749f592e7e901a8bd0205dfe7e132d88df98e0ed09b031ab2a897f10ec,2026:09:16 16:38:29,30.418179,77.968808,unknown,Cx99+5fj,MANAGEMENT DEVELOPMENT CENTRE,,,evidence_signage,CANDIDATE,high,yes,no,google_watermark_caption_overlay; identifiable_people_visible
71,20260916_43832PMByGPSMapCamera.jpg,979bc7a2bf396fba67484f055b183771ddac815117276bad03aa66e60590bbee,2026:09:16 16:38:31,30.418183,77.968800,unknown,Cx99+5fj,MANAGEMENT DEVELOPMENT CENTRE,,,evidence_signage,CANDIDATE,high,yes,no,google_watermark_caption_overlay; identifiable_people_visible
72,20260916_44008PMByGPSMapCamera.jpg,cc5f65e22a11a5517d144ac7adfff8586426f74373ded4b89674f37719dfede6,2026:09:16 16:40:07,30.418247,77.969182,unknown,"Upes, Management Block",MANAGEMENT DEVELOPMENT CENTRE,,,evidence_signage,CANDIDATE,high,not_reviewed,no,google_watermark_caption_overlay; faces_and_number_plates_not_reviewed
73,20260916_44011PMByGPSMapCamera.jpg,6e749572fe242539d28a5e288ff23b68d0bdba4310113131502903ccaeb34396,2026:09:16 16:40:10,30.418251,77.969181,unknown,"Upes, Management Block",MANAGEMENT DEVELOPMENT CENTRE,,,evidence_signage,CANDIDATE,high,not_reviewed,no,google_watermark_caption_overlay; faces_and_number_plates_not_reviewed
74,20260916_44018PMByGPSMapCamera.jpg,999535e10fdead5b79954098294f385809a5f28c807d8083906d4bb27420558b,2026:09:16 16:40:17,30.418258,77.969181,unknown,"Upes, Management Block",,,,coordinate_only,UNCONFIRMED,low,not_reviewed,no,google_watermark_caption_overlay; faces_and_number_plates_not_reviewed
75,20260916_44032PMByGPSMapCamera.jpg,a643b80edb02b8578c148450aa9b683d540052075722091e9a485dcf64f57e27,2026:09:16 16:40:31,30.418292,77.969258,unknown,"Upes, Management Block",,,,coordinate_only,UNCONFIRMED,low,not_reviewed,no,google_watermark_caption_overlay; faces_and_number_plates_not_reviewed
76,20260916_44036PMByGPSMapCamera.jpg,90e58a1669c514b1c5d79885551b71056a27318ef275868b57f1ae8819a3c9c3,2026:09:16 16:40:36,30.418292,77.969258,unknown,"Upes, Management Block",,,,coordinate_only,UNCONFIRMED,low,not_reviewed,no,google_watermark_caption_overlay; faces_and_number_plates_not_reviewed
77,20260916_44038PMByGPSMapCamera.jpg,a3a8478d19f25359c52a8d4e8b09c88a3864c79ab74a3c4e2547bcff964f7e32,2026:09:16 16:40:38,30.418291,77.969267,unknown,"Upes, Management Block",,,,coordinate_only,UNCONFIRMED,low,not_reviewed,no,google_watermark_caption_overlay; faces_and_number_plates_not_reviewed
78,20260916_44204PMByGPSMapCamera.jpg,0226ca22296cb075b7068b84feae3423b92deea933357345f53961be3f7a8c1c,2026:09:16 16:42:03,30.418099,77.969247,unknown,"Upes, Management Block",,,,coordinate_only,UNCONFIRMED,low,not_reviewed,no,google_watermark_caption_overlay; faces_and_number_plates_not_reviewed
79,20260916_44210PMByGPSMapCamera.jpg,dd376b79de72e5ccede28c417d61739cc31164d2d133405240cca37bcb9e82c5,2026:09:16 16:42:09,30.418098,77.969246,unknown,"Upes, Management Block",GIRLS HOSTEL,,,evidence_signage,CANDIDATE,high,yes,no,google_watermark_caption_overlay; identifiable_people_visible
80,20260916_44232PMByGPSMapCamera.jpg,68430f576625402c51681602847e061a3a1a45c0ed981dea0d666014afba4e6f,2026:09:16 16:42:31,30.418070,77.969105,unknown,Cx99+4j7,,,glass pyramid building,coordinate_only,UNCONFIRMED,low,yes,no,google_watermark_caption_overlay; identifiable_people_visible
81,20260916_44236PMByGPSMapCamera.jpg,ffe48d41a90e1388934055e7d245d0384c6c3606856c1316ae43ba59dc8582c7,2026:09:16 16:42:35,30.418051,77.969105,unknown,Cx99+4j7,,,,coordinate_only,UNCONFIRMED,low,yes,no,google_watermark_caption_overlay; identifiable_people_visible
82,20260916_44306PMByGPSMapCamera.jpg,24945804caea165cf1f7f664cbc0fe9b24041ce34901e2b3765aa6be3df6d477,2026:09:16 16:43:05,30.417870,77.968988,unknown,Cx99+4j7,,,,coordinate_only,UNCONFIRMED,low,not_reviewed,no,google_watermark_caption_overlay; faces_and_number_plates_not_reviewed
83,20260916_44321PMByGPSMapCamera.jpg,ce3c6e68d3215f1f33d4396da64ef19c5768c6581baf0f7c35aad13d688fb23d,2026:09:16 16:43:20,30.417764,77.968944,unknown,Cx99+4j7,,,,coordinate_only,UNCONFIRMED,low,not_reviewed,no,google_watermark_caption_overlay; faces_and_number_plates_not_reviewed
84,20260916_44528PMByGPSMapCamera.jpg,17add74455095eaa3ec0ef38cbbb36627e4a59dacac126aac6f95c4f43c8904d,2026:09:16 16:45:27,30.416945,77.968605,unknown,Cx89+pcg,,,,coordinate_only,UNCONFIRMED,low,not_reviewed,no,google_watermark_caption_overlay; faces_and_number_plates_not_reviewed
85,20260916_44547PMByGPSMapCamera.jpg,911dd1887fb6e651cf96b22844a2f093101d0e2343b106a8e9c0943545e10a79,2026:09:16 16:45:46,30.416795,77.968539,unknown,Cx89+pcg,,,,coordinate_only,UNCONFIRMED,low,not_reviewed,no,google_watermark_caption_overlay; faces_and_number_plates_not_reviewed
86,20260916_44559PMByGPSMapCamera.jpg,35a0a922ceca71371a724ffbbbc1845383ecbf886913d121ad11e304b35fa436,2026:09:16 16:45:58,30.416832,77.968541,unknown,Cx89+pcg,,,forecourt with statue,coordinate_only,UNCONFIRMED,low,yes,no,google_watermark_caption_overlay; identifiable_people_visible
87,20260916_44604PMByGPSMapCamera.jpg,e00658a26f83d4dd457ced69dc5f917d1b4e3bd5d950daf6fa3da0d3ff1c2b42,2026:09:16 16:46:03,30.416827,77.968528,unknown,Cx89+pcg,,,,coordinate_only,UNCONFIRMED,low,not_reviewed,no,google_watermark_caption_overlay; faces_and_number_plates_not_reviewed
88,20260916_44718PMByGPSMapCamera.jpg,09ea8337d75b867b5c62255372abc407cc2d6a5cd4cd03be1199ce7af1f41496,2026:09:16 16:47:17,30.416536,77.969117,unknown,Porta,,,,coordinate_only,UNCONFIRMED,low,not_reviewed,no,google_watermark_caption_overlay; faces_and_number_plates_not_reviewed
89,20260916_45209PMByGPSMapCamera.jpg,bde9f534c58442386592e8342dde7dc3d4ed15db560242021b2cb5fe5ac1a64a,2026:09:16 16:52:08,30.416366,77.969827,unknown,Cx89+gxc R & D Block,BOYS HOSTEL; LABOR... (laboratory),,,evidence_signage,CANDIDATE,high,not_reviewed,no,google_watermark_caption_overlay; faces_and_number_plates_not_reviewed
90,20260916_45214PMByGPSMapCamera.jpg,8c52d099591d3238b31dc8f00433ba870065324df25620e6fa94467fdc3b7563,2026:09:16 16:52:13,30.416402,77.969829,unknown,Cx89+gxc R & D Block,,,,coordinate_only,UNCONFIRMED,low,not_reviewed,no,google_watermark_caption_overlay; faces_and_number_plates_not_reviewed
91,20260916_45232PMByGPSMapCamera.jpg,99292bedb3fdcf8702c6bec43b27e139b10e916018744d422a5946a9e65f8b50,2026:09:16 16:52:31,30.416383,77.969702,unknown,Cx89+gxc R & D Block,Tulips CAFE,,,evidence_signage,CANDIDATE,high,yes,no,google_watermark_caption_overlay; identifiable_people_visible
92,20260916_45258PMByGPSMapCamera.jpg,22cb14f31a9e399cd64d57081ad9bac707a846f87f73f9a18665e37cfa0c578b,2026:09:16 16:52:58,30.416410,77.969727,unknown,Cx89+gxc R & D Block,,,,coordinate_only,UNCONFIRMED,low,yes,no,google_watermark_caption_overlay; identifiable_people_visible
93,20260916_45401PMByGPSMapCamera.jpg,22f2dda4a3f5031eeec04218e79491bab69308b763bd309dbd93cee3b9e6ec41,2026:09:16 16:54:00,30.416148,77.969825,unknown,Cx89+gxc,,,,coordinate_only,UNCONFIRMED,low,not_reviewed,no,google_watermark_caption_overlay; faces_and_number_plates_not_reviewed
94,20260916_45543PMByGPSMapCamera.jpg,350ff30df174e324c52a58a6dca31b35f8f8307bd4462d02da9f20d4e8ff95de,2026:09:16 16:55:42,30.415750,77.969910,unknown,Cx89+8w9 Chitrakoot,,11012,,evidence_plate,CANDIDATE,high,not_reviewed,no,google_watermark_caption_overlay; faces_and_number_plates_not_reviewed
95,20260916_45547PMByGPSMapCamera.jpg,4c6e56af3907b00560ad062febc82ffc8deafb82049907812531a210bffef707,2026:09:16 16:55:47,30.415748,77.969912,unknown,Cx89+8w9 Chitrakoot,,11011,,evidence_plate,CANDIDATE,high,yes,no,google_watermark_caption_overlay; identifiable_people_visible
96,20260916_50149PMByGPSMapCamera.jpg,5e34ba32531f450bd532f39f1fff19b7f8c87ce9526a78562d748a225724d374,2026:09:16 17:01:48,30.415753,77.969675,unknown,Cx89+8w9 Chitrakoot,,11217,,evidence_plate,UNCONFIRMED,low,not_reviewed,no,google_watermark_caption_overlay; staff name email and phone visible on a lab notice
97,20260916_50156PMByGPSMapCamera.jpg,cba244768bc611371977264b84fc7f7fe0783da9a51d9b3f91bff0863f5ab8e3,2026:09:16 17:01:55,30.415761,77.969656,unknown,Cx89+8w9 Chitrakoot,FOOD TECHNOLOGY LAB,,,evidence_signage,CANDIDATE,high,not_reviewed,no,google_watermark_caption_overlay; faces_and_number_plates_not_reviewed
98,20260916_50500PMByGPSMapCamera.jpg,fc6b6661d0b254957765f31196332cd408bcc8de694a7568b70db77490d274f9,2026:09:16 17:04:59,30.414623,77.970043,unknown,"Cx7c+j5r, Bidholi",,,,coordinate_only,UNCONFIRMED,low,not_reviewed,no,google_watermark_caption_overlay; faces_and_number_plates_not_reviewed
99,20260916_50812PMByGPSMapCamera.jpg,6cc2eafa886f807621e0459be50b6372a009e8a124efe131f8de5339766da4bf,2026:09:16 17:08:12,30.415864,77.969476,unknown,Cx89+8w9 Chitrakoot,,,,coordinate_only,UNCONFIRMED,low,not_reviewed,no,google_watermark_caption_overlay; faces_and_number_plates_not_reviewed
100,20260916_50950PMByGPSMapCamera.jpg,645516e2dea34af966aa48f01a7ebfd5ed331d1b2b9a5284f9f76dc8487e3dbd,2026:09:16 17:09:50,30.415896,77.969234,unknown,New Porta,,,,coordinate_only,UNCONFIRMED,low,not_reviewed,no,google_watermark_caption_overlay; faces_and_number_plates_not_reviewed
101,20260916_51030PMByGPSMapCamera.jpg,68b615e60b07e003e0f400eda88199788f533005a9538b5e7c385356e568e112,2026:09:16 17:10:30,30.415870,77.969270,unknown,New Porta,,,,coordinate_only,UNCONFIRMED,low,not_reviewed,no,google_watermark_caption_overlay; faces_and_number_plates_not_reviewed
102,20260916_51057PMByGPSMapCamera.jpg,77240e7a92e41e8b12b9859578971dc8a4183320c588073a8af6aab7b57cb970,2026:09:16 17:10:56,30.416061,77.969215,unknown,New Porta,,,,coordinate_only,UNCONFIRMED,low,not_reviewed,no,google_watermark_caption_overlay; faces_and_number_plates_not_reviewed
103,20260916_51117PMByGPSMapCamera.jpg,2b28d5ee0a221418d07cb7577af6c5403bf4b292ab0773dc90d63413b8816662,2026:09:16 17:11:17,30.416108,77.969204,unknown,New Porta,,9204,,evidence_plate,CANDIDATE,high,not_reviewed,no,google_watermark_caption_overlay; faces_and_number_plates_not_reviewed
104,20260916_51213PMByGPSMapCamera.jpg,dc66189b323101750624526f431f2c7ab9028dffd4bafbacaec561afea4be8a9,2026:09:16 17:12:12,30.416268,77.968652,unknown,Cx89+gcg,,,,coordinate_only,UNCONFIRMED,low,not_reviewed,no,google_watermark_caption_overlay; faces_and_number_plates_not_reviewed
105,20260916_51311PMByGPSMapCamera.jpg,3e82879e7cb47d6dc54341c37f33912fa28ac18c10d3c356166d01b2fc351fc3,2026:09:16 17:13:11,30.416234,77.968741,unknown,"8th Block, University Of Petroleum And Energy Studies, Bidoli Dunga Rd",,,,coordinate_only,UNCONFIRMED,low,not_reviewed,no,google_watermark_caption_overlay; faces_and_number_plates_not_reviewed
106,20260916_51442PMByGPSMapCamera.jpg,a2388f11180f09e8a2e17444409edf30d96fbfd0c65b7e7a0ddd07dfbc932119,2026:09:16 17:14:42,30.416381,77.968332,unknown,Cx89+h72,,,,coordinate_only,UNCONFIRMED,low,not_reviewed,no,google_watermark_caption_overlay; faces_and_number_plates_not_reviewed
107,20260916_51515PMByGPSMapCamera.jpg,d981125185ff9092f8ac0c948d2f722b10cc42a59233f6992e3ceacdbafd147a,2026:09:16 17:15:14,30.416454,77.968390,unknown,"Upes, Campus Food Court",,,,coordinate_only,UNCONFIRMED,low,not_reviewed,no,google_watermark_caption_overlay; faces_and_number_plates_not_reviewed
108,20260916_51602PMByGPSMapCamera.jpg,9e9017b769180c8490c1f4326a75582cf956a52836980eb81d76591ee8fe63dd,2026:09:16 17:16:01,30.416899,77.968426,unknown,Cx89+pcg,,,,coordinate_only,UNCONFIRMED,low,not_reviewed,no,google_watermark_caption_overlay; faces_and_number_plates_not_reviewed
109,20260916_51647PMByGPSMapCamera.jpg,3e15dad54ee178dd886b0f23d4be4e5d28e365cdbeca0650fbe16179a38fed84,2026:09:16 17:16:47,30.416895,77.968128,unknown,Cx89+q53 Aditya Block,,,,coordinate_only,UNCONFIRMED,low,not_reviewed,no,google_watermark_caption_overlay; faces_and_number_plates_not_reviewed
110,20260916_51649PMByGPSMapCamera.jpg,d64220e0a0568c2e2a02f339e2ad9b1004f47ac95876946c98a62d4ea3b44a84,2026:09:16 17:16:49,30.416895,77.968128,unknown,Cx89+q53 Aditya Block,,,,coordinate_only,UNCONFIRMED,low,not_reviewed,no,google_watermark_caption_overlay; faces_and_number_plates_not_reviewed
111,20260916_51816PMByGPSMapCamera.jpg,dbe636bd83ce2297da8298e2387c67f6b51641499825549db7634d5d430a5f82,2026:09:16 17:18:15,30.417041,77.968368,unknown,"Sods, Bidoli Dunga Rd",,,,coordinate_only,UNCONFIRMED,low,not_reviewed,no,google_watermark_caption_overlay; faces_and_number_plates_not_reviewed
112,20260916_52329PMByGPSMapCamera.jpg,a27d8e70cf4784846e7a0bb25a7f661f8ac0576f813fc97562d5c198f3a4ebbf,2026:09:16 17:23:29,30.417127,77.968071,unknown,"138/1new, Smith Nagar, Prem Nagar, Dehradun",DR. ... CHOPRA CENTRE FOR LEARNING,,,evidence_signage,CANDIDATE,high,yes,no,google_watermark_caption_overlay; identifiable_people_visible
113,20260916_52345PMByGPSMapCamera.jpg,7bd618a01c1f79258b135606b054a0a1a3d83d37eaf7049b8b34f04bd080f3ef,2026:09:16 17:23:44,30.417174,77.967928,unknown,Cx89+v5w,,,,coordinate_only,UNCONFIRMED,low,not_reviewed,no,google_watermark_caption_overlay; faces_and_number_plates_not_reviewed
114,20260916_52404PMByGPSMapCamera.jpg,d33e16680ae014ee671bfe1f4a2507f91d7dd44497db95d52586f196bb85a599,2026:09:16 17:24:04,30.417246,77.967873,unknown,Cx89+v5w,,,,coordinate_only,UNCONFIRMED,low,not_reviewed,no,google_watermark_caption_overlay; faces_and_number_plates_not_reviewed
